-- phpMyAdmin SQL Dump
-- version 4.7.9
-- https://www.phpmyadmin.net/
--
-- Servidor: 127.0.0.1
-- Tiempo de generación: 09-06-2020 a las 06:14:54
-- Versión del servidor: 10.1.31-MariaDB
-- Versión de PHP: 7.2.3

SET SQL_MODE = "NO_AUTO_VALUE_ON_ZERO";
SET AUTOCOMMIT = 0;
START TRANSACTION;
SET time_zone = "+00:00";


/*!40101 SET @OLD_CHARACTER_SET_CLIENT=@@CHARACTER_SET_CLIENT */;
/*!40101 SET @OLD_CHARACTER_SET_RESULTS=@@CHARACTER_SET_RESULTS */;
/*!40101 SET @OLD_COLLATION_CONNECTION=@@COLLATION_CONNECTION */;
/*!40101 SET NAMES utf8mb4 */;

--
-- Base de datos: `phpmyadmin`
--
CREATE DATABASE IF NOT EXISTS `phpmyadmin` DEFAULT CHARACTER SET utf8 COLLATE utf8_bin;
USE `phpmyadmin`;

-- --------------------------------------------------------

--
-- Estructura de tabla para la tabla `pma__bookmark`
--

CREATE TABLE `pma__bookmark` (
  `id` int(11) NOT NULL,
  `dbase` varchar(255) COLLATE utf8_bin NOT NULL DEFAULT '',
  `user` varchar(255) COLLATE utf8_bin NOT NULL DEFAULT '',
  `label` varchar(255) CHARACTER SET utf8 NOT NULL DEFAULT '',
  `query` text COLLATE utf8_bin NOT NULL
) ENGINE=InnoDB DEFAULT CHARSET=utf8 COLLATE=utf8_bin COMMENT='Bookmarks';

-- --------------------------------------------------------

--
-- Estructura de tabla para la tabla `pma__central_columns`
--

CREATE TABLE `pma__central_columns` (
  `db_name` varchar(64) COLLATE utf8_bin NOT NULL,
  `col_name` varchar(64) COLLATE utf8_bin NOT NULL,
  `col_type` varchar(64) COLLATE utf8_bin NOT NULL,
  `col_length` text COLLATE utf8_bin,
  `col_collation` varchar(64) COLLATE utf8_bin NOT NULL,
  `col_isNull` tinyint(1) NOT NULL,
  `col_extra` varchar(255) COLLATE utf8_bin DEFAULT '',
  `col_default` text COLLATE utf8_bin
) ENGINE=InnoDB DEFAULT CHARSET=utf8 COLLATE=utf8_bin COMMENT='Central list of columns';

-- --------------------------------------------------------

--
-- Estructura de tabla para la tabla `pma__column_info`
--

CREATE TABLE `pma__column_info` (
  `id` int(5) UNSIGNED NOT NULL,
  `db_name` varchar(64) COLLATE utf8_bin NOT NULL DEFAULT '',
  `table_name` varchar(64) COLLATE utf8_bin NOT NULL DEFAULT '',
  `column_name` varchar(64) COLLATE utf8_bin NOT NULL DEFAULT '',
  `comment` varchar(255) CHARACTER SET utf8 NOT NULL DEFAULT '',
  `mimetype` varchar(255) CHARACTER SET utf8 NOT NULL DEFAULT '',
  `transformation` varchar(255) COLLATE utf8_bin NOT NULL DEFAULT '',
  `transformation_options` varchar(255) COLLATE utf8_bin NOT NULL DEFAULT '',
  `input_transformation` varchar(255) COLLATE utf8_bin NOT NULL DEFAULT '',
  `input_transformation_options` varchar(255) COLLATE utf8_bin NOT NULL DEFAULT ''
) ENGINE=InnoDB DEFAULT CHARSET=utf8 COLLATE=utf8_bin COMMENT='Column information for phpMyAdmin';

-- --------------------------------------------------------

--
-- Estructura de tabla para la tabla `pma__designer_settings`
--

CREATE TABLE `pma__designer_settings` (
  `username` varchar(64) COLLATE utf8_bin NOT NULL,
  `settings_data` text COLLATE utf8_bin NOT NULL
) ENGINE=InnoDB DEFAULT CHARSET=utf8 COLLATE=utf8_bin COMMENT='Settings related to Designer';

-- --------------------------------------------------------

--
-- Estructura de tabla para la tabla `pma__export_templates`
--

CREATE TABLE `pma__export_templates` (
  `id` int(5) UNSIGNED NOT NULL,
  `username` varchar(64) COLLATE utf8_bin NOT NULL,
  `export_type` varchar(10) COLLATE utf8_bin NOT NULL,
  `template_name` varchar(64) COLLATE utf8_bin NOT NULL,
  `template_data` text COLLATE utf8_bin NOT NULL
) ENGINE=InnoDB DEFAULT CHARSET=utf8 COLLATE=utf8_bin COMMENT='Saved export templates';

-- --------------------------------------------------------

--
-- Estructura de tabla para la tabla `pma__favorite`
--

CREATE TABLE `pma__favorite` (
  `username` varchar(64) COLLATE utf8_bin NOT NULL,
  `tables` text COLLATE utf8_bin NOT NULL
) ENGINE=InnoDB DEFAULT CHARSET=utf8 COLLATE=utf8_bin COMMENT='Favorite tables';

-- --------------------------------------------------------

--
-- Estructura de tabla para la tabla `pma__history`
--

CREATE TABLE `pma__history` (
  `id` bigint(20) UNSIGNED NOT NULL,
  `username` varchar(64) COLLATE utf8_bin NOT NULL DEFAULT '',
  `db` varchar(64) COLLATE utf8_bin NOT NULL DEFAULT '',
  `table` varchar(64) COLLATE utf8_bin NOT NULL DEFAULT '',
  `timevalue` timestamp NOT NULL DEFAULT CURRENT_TIMESTAMP,
  `sqlquery` text COLLATE utf8_bin NOT NULL
) ENGINE=InnoDB DEFAULT CHARSET=utf8 COLLATE=utf8_bin COMMENT='SQL history for phpMyAdmin';

-- --------------------------------------------------------

--
-- Estructura de tabla para la tabla `pma__navigationhiding`
--

CREATE TABLE `pma__navigationhiding` (
  `username` varchar(64) COLLATE utf8_bin NOT NULL,
  `item_name` varchar(64) COLLATE utf8_bin NOT NULL,
  `item_type` varchar(64) COLLATE utf8_bin NOT NULL,
  `db_name` varchar(64) COLLATE utf8_bin NOT NULL,
  `table_name` varchar(64) COLLATE utf8_bin NOT NULL
) ENGINE=InnoDB DEFAULT CHARSET=utf8 COLLATE=utf8_bin COMMENT='Hidden items of navigation tree';

-- --------------------------------------------------------

--
-- Estructura de tabla para la tabla `pma__pdf_pages`
--

CREATE TABLE `pma__pdf_pages` (
  `db_name` varchar(64) COLLATE utf8_bin NOT NULL DEFAULT '',
  `page_nr` int(10) UNSIGNED NOT NULL,
  `page_descr` varchar(50) CHARACTER SET utf8 NOT NULL DEFAULT ''
) ENGINE=InnoDB DEFAULT CHARSET=utf8 COLLATE=utf8_bin COMMENT='PDF relation pages for phpMyAdmin';

-- --------------------------------------------------------

--
-- Estructura de tabla para la tabla `pma__recent`
--

CREATE TABLE `pma__recent` (
  `username` varchar(64) COLLATE utf8_bin NOT NULL,
  `tables` text COLLATE utf8_bin NOT NULL
) ENGINE=InnoDB DEFAULT CHARSET=utf8 COLLATE=utf8_bin COMMENT='Recently accessed tables';

--
-- Volcado de datos para la tabla `pma__recent`
--

INSERT INTO `pma__recent` (`username`, `tables`) VALUES
('root', '[{\"db\":\"proyecto3\",\"table\":\"pages_page\"},{\"db\":\"proyecto3\",\"table\":\"auth_user\"}]');

-- --------------------------------------------------------

--
-- Estructura de tabla para la tabla `pma__relation`
--

CREATE TABLE `pma__relation` (
  `master_db` varchar(64) COLLATE utf8_bin NOT NULL DEFAULT '',
  `master_table` varchar(64) COLLATE utf8_bin NOT NULL DEFAULT '',
  `master_field` varchar(64) COLLATE utf8_bin NOT NULL DEFAULT '',
  `foreign_db` varchar(64) COLLATE utf8_bin NOT NULL DEFAULT '',
  `foreign_table` varchar(64) COLLATE utf8_bin NOT NULL DEFAULT '',
  `foreign_field` varchar(64) COLLATE utf8_bin NOT NULL DEFAULT ''
) ENGINE=InnoDB DEFAULT CHARSET=utf8 COLLATE=utf8_bin COMMENT='Relation table';

-- --------------------------------------------------------

--
-- Estructura de tabla para la tabla `pma__savedsearches`
--

CREATE TABLE `pma__savedsearches` (
  `id` int(5) UNSIGNED NOT NULL,
  `username` varchar(64) COLLATE utf8_bin NOT NULL DEFAULT '',
  `db_name` varchar(64) COLLATE utf8_bin NOT NULL DEFAULT '',
  `search_name` varchar(64) COLLATE utf8_bin NOT NULL DEFAULT '',
  `search_data` text COLLATE utf8_bin NOT NULL
) ENGINE=InnoDB DEFAULT CHARSET=utf8 COLLATE=utf8_bin COMMENT='Saved searches';

-- --------------------------------------------------------

--
-- Estructura de tabla para la tabla `pma__table_coords`
--

CREATE TABLE `pma__table_coords` (
  `db_name` varchar(64) COLLATE utf8_bin NOT NULL DEFAULT '',
  `table_name` varchar(64) COLLATE utf8_bin NOT NULL DEFAULT '',
  `pdf_page_number` int(11) NOT NULL DEFAULT '0',
  `x` float UNSIGNED NOT NULL DEFAULT '0',
  `y` float UNSIGNED NOT NULL DEFAULT '0'
) ENGINE=InnoDB DEFAULT CHARSET=utf8 COLLATE=utf8_bin COMMENT='Table coordinates for phpMyAdmin PDF output';

-- --------------------------------------------------------

--
-- Estructura de tabla para la tabla `pma__table_info`
--

CREATE TABLE `pma__table_info` (
  `db_name` varchar(64) COLLATE utf8_bin NOT NULL DEFAULT '',
  `table_name` varchar(64) COLLATE utf8_bin NOT NULL DEFAULT '',
  `display_field` varchar(64) COLLATE utf8_bin NOT NULL DEFAULT ''
) ENGINE=InnoDB DEFAULT CHARSET=utf8 COLLATE=utf8_bin COMMENT='Table information for phpMyAdmin';

-- --------------------------------------------------------

--
-- Estructura de tabla para la tabla `pma__table_uiprefs`
--

CREATE TABLE `pma__table_uiprefs` (
  `username` varchar(64) COLLATE utf8_bin NOT NULL,
  `db_name` varchar(64) COLLATE utf8_bin NOT NULL,
  `table_name` varchar(64) COLLATE utf8_bin NOT NULL,
  `prefs` text COLLATE utf8_bin NOT NULL,
  `last_update` timestamp NOT NULL DEFAULT CURRENT_TIMESTAMP ON UPDATE CURRENT_TIMESTAMP
) ENGINE=InnoDB DEFAULT CHARSET=utf8 COLLATE=utf8_bin COMMENT='Tables'' UI preferences';

-- --------------------------------------------------------

--
-- Estructura de tabla para la tabla `pma__tracking`
--

CREATE TABLE `pma__tracking` (
  `db_name` varchar(64) COLLATE utf8_bin NOT NULL,
  `table_name` varchar(64) COLLATE utf8_bin NOT NULL,
  `version` int(10) UNSIGNED NOT NULL,
  `date_created` datetime NOT NULL,
  `date_updated` datetime NOT NULL,
  `schema_snapshot` text COLLATE utf8_bin NOT NULL,
  `schema_sql` text COLLATE utf8_bin,
  `data_sql` longtext COLLATE utf8_bin,
  `tracking` set('UPDATE','REPLACE','INSERT','DELETE','TRUNCATE','CREATE DATABASE','ALTER DATABASE','DROP DATABASE','CREATE TABLE','ALTER TABLE','RENAME TABLE','DROP TABLE','CREATE INDEX','DROP INDEX','CREATE VIEW','ALTER VIEW','DROP VIEW') COLLATE utf8_bin DEFAULT NULL,
  `tracking_active` int(1) UNSIGNED NOT NULL DEFAULT '1'
) ENGINE=InnoDB DEFAULT CHARSET=utf8 COLLATE=utf8_bin COMMENT='Database changes tracking for phpMyAdmin';

-- --------------------------------------------------------

--
-- Estructura de tabla para la tabla `pma__userconfig`
--

CREATE TABLE `pma__userconfig` (
  `username` varchar(64) COLLATE utf8_bin NOT NULL,
  `timevalue` timestamp NOT NULL DEFAULT CURRENT_TIMESTAMP ON UPDATE CURRENT_TIMESTAMP,
  `config_data` text COLLATE utf8_bin NOT NULL
) ENGINE=InnoDB DEFAULT CHARSET=utf8 COLLATE=utf8_bin COMMENT='User preferences storage for phpMyAdmin';

--
-- Volcado de datos para la tabla `pma__userconfig`
--

INSERT INTO `pma__userconfig` (`username`, `timevalue`, `config_data`) VALUES
('root', '2020-06-04 00:17:46', '{\"lang\":\"es\",\"collation_connection\":\"utf8mb4_unicode_ci\"}');

-- --------------------------------------------------------

--
-- Estructura de tabla para la tabla `pma__usergroups`
--

CREATE TABLE `pma__usergroups` (
  `usergroup` varchar(64) COLLATE utf8_bin NOT NULL,
  `tab` varchar(64) COLLATE utf8_bin NOT NULL,
  `allowed` enum('Y','N') COLLATE utf8_bin NOT NULL DEFAULT 'N'
) ENGINE=InnoDB DEFAULT CHARSET=utf8 COLLATE=utf8_bin COMMENT='User groups with configured menu items';

-- --------------------------------------------------------

--
-- Estructura de tabla para la tabla `pma__users`
--

CREATE TABLE `pma__users` (
  `username` varchar(64) COLLATE utf8_bin NOT NULL,
  `usergroup` varchar(64) COLLATE utf8_bin NOT NULL
) ENGINE=InnoDB DEFAULT CHARSET=utf8 COLLATE=utf8_bin COMMENT='Users and their assignments to user groups';

--
-- Índices para tablas volcadas
--

--
-- Indices de la tabla `pma__bookmark`
--
ALTER TABLE `pma__bookmark`
  ADD PRIMARY KEY (`id`);

--
-- Indices de la tabla `pma__central_columns`
--
ALTER TABLE `pma__central_columns`
  ADD PRIMARY KEY (`db_name`,`col_name`);

--
-- Indices de la tabla `pma__column_info`
--
ALTER TABLE `pma__column_info`
  ADD PRIMARY KEY (`id`),
  ADD UNIQUE KEY `db_name` (`db_name`,`table_name`,`column_name`);

--
-- Indices de la tabla `pma__designer_settings`
--
ALTER TABLE `pma__designer_settings`
  ADD PRIMARY KEY (`username`);

--
-- Indices de la tabla `pma__export_templates`
--
ALTER TABLE `pma__export_templates`
  ADD PRIMARY KEY (`id`),
  ADD UNIQUE KEY `u_user_type_template` (`username`,`export_type`,`template_name`);

--
-- Indices de la tabla `pma__favorite`
--
ALTER TABLE `pma__favorite`
  ADD PRIMARY KEY (`username`);

--
-- Indices de la tabla `pma__history`
--
ALTER TABLE `pma__history`
  ADD PRIMARY KEY (`id`),
  ADD KEY `username` (`username`,`db`,`table`,`timevalue`);

--
-- Indices de la tabla `pma__navigationhiding`
--
ALTER TABLE `pma__navigationhiding`
  ADD PRIMARY KEY (`username`,`item_name`,`item_type`,`db_name`,`table_name`);

--
-- Indices de la tabla `pma__pdf_pages`
--
ALTER TABLE `pma__pdf_pages`
  ADD PRIMARY KEY (`page_nr`),
  ADD KEY `db_name` (`db_name`);

--
-- Indices de la tabla `pma__recent`
--
ALTER TABLE `pma__recent`
  ADD PRIMARY KEY (`username`);

--
-- Indices de la tabla `pma__relation`
--
ALTER TABLE `pma__relation`
  ADD PRIMARY KEY (`master_db`,`master_table`,`master_field`),
  ADD KEY `foreign_field` (`foreign_db`,`foreign_table`);

--
-- Indices de la tabla `pma__savedsearches`
--
ALTER TABLE `pma__savedsearches`
  ADD PRIMARY KEY (`id`),
  ADD UNIQUE KEY `u_savedsearches_username_dbname` (`username`,`db_name`,`search_name`);

--
-- Indices de la tabla `pma__table_coords`
--
ALTER TABLE `pma__table_coords`
  ADD PRIMARY KEY (`db_name`,`table_name`,`pdf_page_number`);

--
-- Indices de la tabla `pma__table_info`
--
ALTER TABLE `pma__table_info`
  ADD PRIMARY KEY (`db_name`,`table_name`);

--
-- Indices de la tabla `pma__table_uiprefs`
--
ALTER TABLE `pma__table_uiprefs`
  ADD PRIMARY KEY (`username`,`db_name`,`table_name`);

--
-- Indices de la tabla `pma__tracking`
--
ALTER TABLE `pma__tracking`
  ADD PRIMARY KEY (`db_name`,`table_name`,`version`);

--
-- Indices de la tabla `pma__userconfig`
--
ALTER TABLE `pma__userconfig`
  ADD PRIMARY KEY (`username`);

--
-- Indices de la tabla `pma__usergroups`
--
ALTER TABLE `pma__usergroups`
  ADD PRIMARY KEY (`usergroup`,`tab`,`allowed`);

--
-- Indices de la tabla `pma__users`
--
ALTER TABLE `pma__users`
  ADD PRIMARY KEY (`username`,`usergroup`);

--
-- AUTO_INCREMENT de las tablas volcadas
--

--
-- AUTO_INCREMENT de la tabla `pma__bookmark`
--
ALTER TABLE `pma__bookmark`
  MODIFY `id` int(11) NOT NULL AUTO_INCREMENT;

--
-- AUTO_INCREMENT de la tabla `pma__column_info`
--
ALTER TABLE `pma__column_info`
  MODIFY `id` int(5) UNSIGNED NOT NULL AUTO_INCREMENT;

--
-- AUTO_INCREMENT de la tabla `pma__export_templates`
--
ALTER TABLE `pma__export_templates`
  MODIFY `id` int(5) UNSIGNED NOT NULL AUTO_INCREMENT, AUTO_INCREMENT=3;

--
-- AUTO_INCREMENT de la tabla `pma__history`
--
ALTER TABLE `pma__history`
  MODIFY `id` bigint(20) UNSIGNED NOT NULL AUTO_INCREMENT;

--
-- AUTO_INCREMENT de la tabla `pma__pdf_pages`
--
ALTER TABLE `pma__pdf_pages`
  MODIFY `page_nr` int(10) UNSIGNED NOT NULL AUTO_INCREMENT;

--
-- AUTO_INCREMENT de la tabla `pma__savedsearches`
--
ALTER TABLE `pma__savedsearches`
  MODIFY `id` int(5) UNSIGNED NOT NULL AUTO_INCREMENT;
--
-- Base de datos: `proyecto3`
--
CREATE DATABASE IF NOT EXISTS `proyecto3` DEFAULT CHARACTER SET utf8 COLLATE utf8_spanish_ci;
USE `proyecto3`;

-- --------------------------------------------------------

--
-- Estructura de tabla para la tabla `auth_group`
--

CREATE TABLE `auth_group` (
  `id` int(11) NOT NULL,
  `name` varchar(80) COLLATE utf8_spanish_ci NOT NULL
) ENGINE=InnoDB DEFAULT CHARSET=utf8 COLLATE=utf8_spanish_ci;

-- --------------------------------------------------------

--
-- Estructura de tabla para la tabla `auth_group_permissions`
--

CREATE TABLE `auth_group_permissions` (
  `id` int(11) NOT NULL,
  `group_id` int(11) NOT NULL,
  `permission_id` int(11) NOT NULL
) ENGINE=InnoDB DEFAULT CHARSET=utf8 COLLATE=utf8_spanish_ci;

-- --------------------------------------------------------

--
-- Estructura de tabla para la tabla `auth_permission`
--

CREATE TABLE `auth_permission` (
  `id` int(11) NOT NULL,
  `name` varchar(255) COLLATE utf8_spanish_ci NOT NULL,
  `content_type_id` int(11) NOT NULL,
  `codename` varchar(100) COLLATE utf8_spanish_ci NOT NULL
) ENGINE=InnoDB DEFAULT CHARSET=utf8 COLLATE=utf8_spanish_ci;

--
-- Volcado de datos para la tabla `auth_permission`
--

INSERT INTO `auth_permission` (`id`, `name`, `content_type_id`, `codename`) VALUES
(1, 'Can add log entry', 1, 'add_logentry'),
(2, 'Can change log entry', 1, 'change_logentry'),
(3, 'Can delete log entry', 1, 'delete_logentry'),
(4, 'Can view log entry', 1, 'view_logentry'),
(5, 'Can add permission', 2, 'add_permission'),
(6, 'Can change permission', 2, 'change_permission'),
(7, 'Can delete permission', 2, 'delete_permission'),
(8, 'Can view permission', 2, 'view_permission'),
(9, 'Can add group', 3, 'add_group'),
(10, 'Can change group', 3, 'change_group'),
(11, 'Can delete group', 3, 'delete_group'),
(12, 'Can view group', 3, 'view_group'),
(13, 'Can add user', 4, 'add_user'),
(14, 'Can change user', 4, 'change_user'),
(15, 'Can delete user', 4, 'delete_user'),
(16, 'Can view user', 4, 'view_user'),
(17, 'Can add content type', 5, 'add_contenttype'),
(18, 'Can change content type', 5, 'change_contenttype'),
(19, 'Can delete content type', 5, 'delete_contenttype'),
(20, 'Can view content type', 5, 'view_contenttype'),
(21, 'Can add session', 6, 'add_session'),
(22, 'Can change session', 6, 'change_session'),
(23, 'Can delete session', 6, 'delete_session'),
(24, 'Can view session', 6, 'view_session'),
(25, 'Can add página', 7, 'add_page'),
(26, 'Can change página', 7, 'change_page'),
(27, 'Can delete página', 7, 'delete_page'),
(28, 'Can view página', 7, 'view_page'),
(29, 'Can add profile', 8, 'add_profile'),
(30, 'Can change profile', 8, 'change_profile'),
(31, 'Can delete profile', 8, 'delete_profile'),
(32, 'Can view profile', 8, 'view_profile'),
(33, 'Can add message', 9, 'add_message'),
(34, 'Can change message', 9, 'change_message'),
(35, 'Can delete message', 9, 'delete_message'),
(36, 'Can view message', 9, 'view_message'),
(37, 'Can add thread', 10, 'add_thread'),
(38, 'Can change thread', 10, 'change_thread'),
(39, 'Can delete thread', 10, 'delete_thread'),
(40, 'Can view thread', 10, 'view_thread');

-- --------------------------------------------------------

--
-- Estructura de tabla para la tabla `auth_user`
--

CREATE TABLE `auth_user` (
  `id` int(11) NOT NULL,
  `password` varchar(128) COLLATE utf8_spanish_ci NOT NULL,
  `last_login` datetime(6) DEFAULT NULL,
  `is_superuser` tinyint(1) NOT NULL,
  `username` varchar(150) COLLATE utf8_spanish_ci NOT NULL,
  `first_name` varchar(30) COLLATE utf8_spanish_ci NOT NULL,
  `last_name` varchar(150) COLLATE utf8_spanish_ci NOT NULL,
  `email` varchar(254) COLLATE utf8_spanish_ci NOT NULL,
  `is_staff` tinyint(1) NOT NULL,
  `is_active` tinyint(1) NOT NULL,
  `date_joined` datetime(6) NOT NULL
) ENGINE=InnoDB DEFAULT CHARSET=utf8 COLLATE=utf8_spanish_ci;

--
-- Volcado de datos para la tabla `auth_user`
--

INSERT INTO `auth_user` (`id`, `password`, `last_login`, `is_superuser`, `username`, `first_name`, `last_name`, `email`, `is_staff`, `is_active`, `date_joined`) VALUES
(1, 'pbkdf2_sha256$120000$rX17rdhqZxF2$+DnmcUzcXGta30u33a/6RjEkrCUv2KHY1TeVoaYzlY4=', '2020-06-08 03:53:05.621299', 1, 'isela', '', '', 'isela081398@gmail.com', 1, 1, '2020-06-04 01:20:29.027035'),
(3, 'pbkdf2_sha256$120000$MU6frbQ5kquI$IIw+VTeLPvYW998jjYIgZy6G4d2lTfUZ4nhNOWta1Xs=', '2020-06-09 03:18:54.120589', 0, 'cuatecontzi', '', '', '', 0, 1, '2020-06-07 04:35:45.169013'),
(7, 'pbkdf2_sha256$120000$l1xCVCT8xB68$GBhRQXECg1Fn1MQ4X1+B1jhavBp52t9irspRKw6SKgI=', '2020-06-08 03:45:52.897496', 0, 'alba3', '', '', 'alba3@gmail.com', 0, 1, '2020-06-08 01:15:23.648458'),
(8, 'pbkdf2_sha256$120000$KBnYXWRzrn2j$LkOtpkQavAvJJuJOjn6w84ofcZ9p/2RpJGynxYDnVJ8=', '2020-06-08 03:50:05.106645', 0, 'alba2', '', '', 'alba@hotmail.com', 0, 1, '2020-06-08 03:43:08.329968'),
(9, 'pbkdf2_sha256$120000$nEzwWD1tdzQN$cjlvZHwEkwsq+jWu4lb4+3IqpwMFkYTlBAYEaWtN95U=', '2020-06-08 03:50:35.242639', 0, 'alba4', '', '', 'alba43@hotmail.com', 0, 1, '2020-06-08 03:43:51.670249');

-- --------------------------------------------------------

--
-- Estructura de tabla para la tabla `auth_user_groups`
--

CREATE TABLE `auth_user_groups` (
  `id` int(11) NOT NULL,
  `user_id` int(11) NOT NULL,
  `group_id` int(11) NOT NULL
) ENGINE=InnoDB DEFAULT CHARSET=utf8 COLLATE=utf8_spanish_ci;

-- --------------------------------------------------------

--
-- Estructura de tabla para la tabla `auth_user_user_permissions`
--

CREATE TABLE `auth_user_user_permissions` (
  `id` int(11) NOT NULL,
  `user_id` int(11) NOT NULL,
  `permission_id` int(11) NOT NULL
) ENGINE=InnoDB DEFAULT CHARSET=utf8 COLLATE=utf8_spanish_ci;

-- --------------------------------------------------------

--
-- Estructura de tabla para la tabla `django_admin_log`
--

CREATE TABLE `django_admin_log` (
  `id` int(11) NOT NULL,
  `action_time` datetime(6) NOT NULL,
  `object_id` longtext COLLATE utf8_spanish_ci,
  `object_repr` varchar(200) COLLATE utf8_spanish_ci NOT NULL,
  `action_flag` smallint(5) UNSIGNED NOT NULL,
  `change_message` longtext COLLATE utf8_spanish_ci NOT NULL,
  `content_type_id` int(11) DEFAULT NULL,
  `user_id` int(11) NOT NULL
) ENGINE=InnoDB DEFAULT CHARSET=utf8 COLLATE=utf8_spanish_ci;

--
-- Volcado de datos para la tabla `django_admin_log`
--

INSERT INTO `django_admin_log` (`id`, `action_time`, `object_id`, `object_repr`, `action_flag`, `change_message`, `content_type_id`, `user_id`) VALUES
(1, '2020-06-05 04:22:31.623061', '1', 'Lorem ipsum dolor sit amet', 1, '[{\"added\": {}}]', 7, 1),
(2, '2020-06-05 04:23:24.434126', '2', 'Curabitur cursus, risus at malesuada ultrices', 1, '[{\"added\": {}}]', 7, 1),
(3, '2020-06-08 03:41:36.905556', '5', 'alba2', 3, '', 4, 1),
(4, '2020-06-08 03:41:46.319414', '4', 'alba', 3, '', 4, 1),
(5, '2020-06-08 03:42:01.182177', '6', 'Cuate', 3, '', 4, 1),
(6, '2020-06-08 03:42:10.740734', '2', 'leo', 3, '', 4, 1),
(7, '2020-06-08 03:45:23.444601', '7', 'alba3', 2, '[{\"changed\": {\"fields\": [\"password\"]}}]', 4, 1);

-- --------------------------------------------------------

--
-- Estructura de tabla para la tabla `django_content_type`
--

CREATE TABLE `django_content_type` (
  `id` int(11) NOT NULL,
  `app_label` varchar(100) COLLATE utf8_spanish_ci NOT NULL,
  `model` varchar(100) COLLATE utf8_spanish_ci NOT NULL
) ENGINE=InnoDB DEFAULT CHARSET=utf8 COLLATE=utf8_spanish_ci;

--
-- Volcado de datos para la tabla `django_content_type`
--

INSERT INTO `django_content_type` (`id`, `app_label`, `model`) VALUES
(1, 'admin', 'logentry'),
(3, 'auth', 'group'),
(2, 'auth', 'permission'),
(4, 'auth', 'user'),
(5, 'contenttypes', 'contenttype'),
(9, 'messenger', 'message'),
(10, 'messenger', 'thread'),
(7, 'pages', 'page'),
(8, 'registration', 'profile'),
(6, 'sessions', 'session');

-- --------------------------------------------------------

--
-- Estructura de tabla para la tabla `django_migrations`
--

CREATE TABLE `django_migrations` (
  `id` int(11) NOT NULL,
  `app` varchar(255) COLLATE utf8_spanish_ci NOT NULL,
  `name` varchar(255) COLLATE utf8_spanish_ci NOT NULL,
  `applied` datetime(6) NOT NULL
) ENGINE=InnoDB DEFAULT CHARSET=utf8 COLLATE=utf8_spanish_ci;

--
-- Volcado de datos para la tabla `django_migrations`
--

INSERT INTO `django_migrations` (`id`, `app`, `name`, `applied`) VALUES
(1, 'contenttypes', '0001_initial', '2020-06-04 00:30:14.538560'),
(2, 'auth', '0001_initial', '2020-06-04 00:30:27.655605'),
(3, 'admin', '0001_initial', '2020-06-04 00:30:31.257851'),
(4, 'admin', '0002_logentry_remove_auto_add', '2020-06-04 00:30:31.341977'),
(5, 'admin', '0003_logentry_add_action_flag_choices', '2020-06-04 00:30:31.420514'),
(6, 'contenttypes', '0002_remove_content_type_name', '2020-06-04 00:30:33.850545'),
(7, 'auth', '0002_alter_permission_name_max_length', '2020-06-04 00:30:35.154411'),
(8, 'auth', '0003_alter_user_email_max_length', '2020-06-04 00:30:36.288910'),
(9, 'auth', '0004_alter_user_username_opts', '2020-06-04 00:30:36.347912'),
(10, 'auth', '0005_alter_user_last_login_null', '2020-06-04 00:30:37.304089'),
(11, 'auth', '0006_require_contenttypes_0002', '2020-06-04 00:30:37.355158'),
(12, 'auth', '0007_alter_validators_add_error_messages', '2020-06-04 00:30:37.477217'),
(13, 'auth', '0008_alter_user_username_max_length', '2020-06-04 00:30:39.118515'),
(14, 'auth', '0009_alter_user_last_name_max_length', '2020-06-04 00:30:40.266436'),
(15, 'pages', '0001_initial', '2020-06-04 00:30:40.665431'),
(16, 'sessions', '0001_initial', '2020-06-04 00:30:41.236114'),
(17, 'registration', '0001_initial', '2020-06-07 23:19:02.378014'),
(18, 'messenger', '0001_initial', '2020-06-08 04:09:46.368832'),
(19, 'messenger', '0002_auto_20200608_2240', '2020-06-09 03:40:37.835284');

-- --------------------------------------------------------

--
-- Estructura de tabla para la tabla `django_session`
--

CREATE TABLE `django_session` (
  `session_key` varchar(40) COLLATE utf8_spanish_ci NOT NULL,
  `session_data` longtext COLLATE utf8_spanish_ci NOT NULL,
  `expire_date` datetime(6) NOT NULL
) ENGINE=InnoDB DEFAULT CHARSET=utf8 COLLATE=utf8_spanish_ci;

--
-- Volcado de datos para la tabla `django_session`
--

INSERT INTO `django_session` (`session_key`, `session_data`, `expire_date`) VALUES
('7k35t7ydd9th0p5wiesx279i2zn3ls2k', 'YmU4MzkxMzY4OTQxMzg0NWEzYTVjMzI0MTY3NGJmNzc3YTE3ODZjNjp7Il9hdXRoX3VzZXJfaWQiOiIxIiwiX2F1dGhfdXNlcl9iYWNrZW5kIjoiZGphbmdvLmNvbnRyaWIuYXV0aC5iYWNrZW5kcy5Nb2RlbEJhY2tlbmQiLCJfYXV0aF91c2VyX2hhc2giOiI5ZTFlZjg1NTUzMTFlZTg3N2ViNzRlMWI3MTdjMjkyNzFhZTZmMTI1In0=', '2020-06-22 03:53:05.674301'),
('ltmgyj8t45bvqloyeoss7jwh06l0kkzv', 'MjRkNWFiYTU1Mzk5YzhhMjUwNGZiODFkMTg5YjllN2M5OTE3ZDY4Mzp7Il9hdXRoX3VzZXJfaWQiOiIzIiwiX2F1dGhfdXNlcl9iYWNrZW5kIjoiZGphbmdvLmNvbnRyaWIuYXV0aC5iYWNrZW5kcy5Nb2RlbEJhY2tlbmQiLCJfYXV0aF91c2VyX2hhc2giOiI0YTVhZmM3ZDlmMzljMzA2OTcwODBhMDlkZmNjMzc2MjI0ODcyYWNkIn0=', '2020-06-23 03:18:54.251608'),
('vz3az9m36xjp9m7k2ecljfr04bc31nr3', 'ZWIwNTYzZGE1YzFjNDA0OWMyMmQyNzVhYzIzOGU3OGU5MDM5ODdjNDp7Il9hdXRoX3VzZXJfaWQiOiIxIiwiX2F1dGhfdXNlcl9iYWNrZW5kIjoiZGphbmdvLmNvbnRyaWIuYXV0aC5iYWNrZW5kcy5Nb2RlbEJhY2tlbmQiLCJfYXV0aF91c2VyX2hhc2giOiI3NTBkNDA2NDRlOTk1MTU2OGM0NGE3NTEyOWUwZDg0NjQ0ZDk1M2IzIn0=', '2020-06-18 01:21:13.255176');

-- --------------------------------------------------------

--
-- Estructura de tabla para la tabla `messenger_message`
--

CREATE TABLE `messenger_message` (
  `id` int(11) NOT NULL,
  `content` longtext COLLATE utf8_spanish_ci NOT NULL,
  `created` datetime(6) NOT NULL,
  `user_id` int(11) NOT NULL
) ENGINE=InnoDB DEFAULT CHARSET=utf8 COLLATE=utf8_spanish_ci;

--
-- Volcado de datos para la tabla `messenger_message`
--

INSERT INTO `messenger_message` (`id`, `content`, `created`, `user_id`) VALUES
(1, 'Buenos dias cuatecontzi!', '2020-06-09 01:03:16.675602', 1),
(2, 'Hola isela!', '2020-06-09 01:04:07.563144', 3),
(3, 'Me voy', '2020-06-09 01:04:47.018231', 1),
(4, 'Pues adiós!', '2020-06-09 01:05:06.670741', 3),
(5, 'Hola como te va ?!', '2020-06-09 03:00:24.359592', 1),
(6, 'Adios bye', '2020-06-09 03:14:21.500282', 1),
(7, 'Adios bye', '2020-06-09 03:14:52.251313', 1),
(8, 'Adios bye', '2020-06-09 03:15:40.320348', 1),
(9, 'adios', '2020-06-09 03:16:27.400220', 1),
(10, 'bye', '2020-06-09 03:17:23.970293', 1),
(11, 'Chiconcuac', '2020-06-09 03:19:18.059150', 1),
(12, 'Hola que hace !!', '2020-06-09 03:19:47.923600', 3),
(13, 'Hola Alba', '2020-06-09 03:28:21.258579', 1),
(14, 'Como estas ?!!', '2020-06-09 03:28:38.347785', 1),
(15, 'Hola que tal ?!!', '2020-06-09 03:34:10.846298', 1),
(16, 'Como te va?!!', '2020-06-09 03:34:19.227587', 1),
(17, 'Estas ahi ?!!', '2020-06-09 03:41:29.441316', 1),
(18, 'Hey !!!', '2020-06-09 03:41:44.539031', 1);

-- --------------------------------------------------------

--
-- Estructura de tabla para la tabla `messenger_thread`
--

CREATE TABLE `messenger_thread` (
  `id` int(11) NOT NULL,
  `updated` datetime(6) NOT NULL
) ENGINE=InnoDB DEFAULT CHARSET=utf8 COLLATE=utf8_spanish_ci;

--
-- Volcado de datos para la tabla `messenger_thread`
--

INSERT INTO `messenger_thread` (`id`, `updated`) VALUES
(1, '2020-06-09 03:40:36.874322'),
(2, '2020-06-09 03:41:44.743068'),
(3, '2020-06-09 03:41:29.603293');

-- --------------------------------------------------------

--
-- Estructura de tabla para la tabla `messenger_thread_messages`
--

CREATE TABLE `messenger_thread_messages` (
  `id` int(11) NOT NULL,
  `thread_id` int(11) NOT NULL,
  `message_id` int(11) NOT NULL
) ENGINE=InnoDB DEFAULT CHARSET=utf8 COLLATE=utf8_spanish_ci;

--
-- Volcado de datos para la tabla `messenger_thread_messages`
--

INSERT INTO `messenger_thread_messages` (`id`, `thread_id`, `message_id`) VALUES
(1, 1, 1),
(2, 1, 2),
(3, 1, 3),
(4, 1, 4),
(5, 1, 5),
(6, 1, 6),
(7, 1, 7),
(8, 1, 8),
(9, 1, 9),
(10, 1, 10),
(11, 1, 11),
(12, 1, 12),
(13, 2, 13),
(14, 2, 14),
(18, 2, 18),
(15, 3, 15),
(16, 3, 16),
(17, 3, 17);

-- --------------------------------------------------------

--
-- Estructura de tabla para la tabla `messenger_thread_users`
--

CREATE TABLE `messenger_thread_users` (
  `id` int(11) NOT NULL,
  `thread_id` int(11) NOT NULL,
  `user_id` int(11) NOT NULL
) ENGINE=InnoDB DEFAULT CHARSET=utf8 COLLATE=utf8_spanish_ci;

--
-- Volcado de datos para la tabla `messenger_thread_users`
--

INSERT INTO `messenger_thread_users` (`id`, `thread_id`, `user_id`) VALUES
(1, 1, 1),
(2, 1, 3),
(4, 2, 1),
(3, 2, 8),
(5, 3, 1),
(6, 3, 7);

-- --------------------------------------------------------

--
-- Estructura de tabla para la tabla `pages_page`
--

CREATE TABLE `pages_page` (
  `id` int(11) NOT NULL,
  `title` varchar(200) COLLATE utf8_spanish_ci NOT NULL,
  `content` longtext COLLATE utf8_spanish_ci NOT NULL,
  `order` smallint(6) NOT NULL,
  `created` datetime(6) NOT NULL,
  `updated` datetime(6) NOT NULL
) ENGINE=InnoDB DEFAULT CHARSET=utf8 COLLATE=utf8_spanish_ci;

--
-- Volcado de datos para la tabla `pages_page`
--

INSERT INTO `pages_page` (`id`, `title`, `content`, `order`, `created`, `updated`) VALUES
(1, 'Lorem ipsum dolor sit amet', '<p><em>Lorem ipsum dolor sit amet, consectetur adipiscing elit. Nam consequat vestibulum urna quis ullamcorper. Fusce sagittis eros sed risus eleifend, vel consequat urna lacinia. Praesent a dapibus diam. Fusce gravida elit luctus, rhoncus risus eu, ullamcorper mi. Etiam vitae sollicitudin dui, sed porttitor orci. Mauris vehicula diam eu lorem sodales, et fermentum dolor dapibus. Aenean consectetur ut quam id dapibus. Nullam vitae eros nunc.</em></p>', 0, '2020-06-05 04:22:31.587018', '2020-06-05 04:22:31.587018'),
(2, 'Curabitur cursus, risus at malesuada ultrices', '<p>Curabitur cursus, risus at malesuada ultrices, nulla lorem fermentum nunc, ac vehicula leo leo vitae diam. Nam ac magna mauris. Donec id arcu bibendum, faucibus risus sed, accumsan ligula. Class aptent taciti sociosqu ad litora torquent per conubia nostra, per inceptos himenaeos. Cras vel nisi mi. Proin finibus aliquam nisi, semper vestibulum erat tempus non. Ut arcu nibh, dapibus vitae lobortis viverra, cursus faucibus velit.</p>', 0, '2020-06-05 04:23:24.408125', '2020-06-05 04:23:24.408125');

-- --------------------------------------------------------

--
-- Estructura de tabla para la tabla `registration_profile`
--

CREATE TABLE `registration_profile` (
  `id` int(11) NOT NULL,
  `avatar` varchar(100) COLLATE utf8_spanish_ci DEFAULT NULL,
  `bio` longtext COLLATE utf8_spanish_ci,
  `link` varchar(200) COLLATE utf8_spanish_ci DEFAULT NULL,
  `user_id` int(11) NOT NULL
) ENGINE=InnoDB DEFAULT CHARSET=utf8 COLLATE=utf8_spanish_ci;

--
-- Volcado de datos para la tabla `registration_profile`
--

INSERT INTO `registration_profile` (`id`, `avatar`, `bio`, `link`, `user_id`) VALUES
(1, 'profiles/WhatsApp_Image_2020-06-03_at_8.39.22_AM.jpeg', 'Hola mundo !!', 'https://www.alba.com/', 1),
(2, 'profiles/WhatsApp_Image_2020-06-03_at_8.39.18_AM.jpeg', '', NULL, 7),
(3, 'profiles/WhatsApp_Image_2020-06-03_at_8.39.22_AM_LoFSejj.jpeg', '', NULL, 3),
(4, 'profiles/WhatsApp_Image_2020-06-07_at_10.47.39_PM.jpeg', '', NULL, 8),
(5, 'profiles/WhatsApp_Image_2020-06-03_at_8.39.15_AM.jpeg', '', NULL, 9);

--
-- Índices para tablas volcadas
--

--
-- Indices de la tabla `auth_group`
--
ALTER TABLE `auth_group`
  ADD PRIMARY KEY (`id`),
  ADD UNIQUE KEY `name` (`name`);

--
-- Indices de la tabla `auth_group_permissions`
--
ALTER TABLE `auth_group_permissions`
  ADD PRIMARY KEY (`id`),
  ADD UNIQUE KEY `auth_group_permissions_group_id_permission_id_0cd325b0_uniq` (`group_id`,`permission_id`),
  ADD KEY `auth_group_permissio_permission_id_84c5c92e_fk_auth_perm` (`permission_id`);

--
-- Indices de la tabla `auth_permission`
--
ALTER TABLE `auth_permission`
  ADD PRIMARY KEY (`id`),
  ADD UNIQUE KEY `auth_permission_content_type_id_codename_01ab375a_uniq` (`content_type_id`,`codename`);

--
-- Indices de la tabla `auth_user`
--
ALTER TABLE `auth_user`
  ADD PRIMARY KEY (`id`),
  ADD UNIQUE KEY `username` (`username`);

--
-- Indices de la tabla `auth_user_groups`
--
ALTER TABLE `auth_user_groups`
  ADD PRIMARY KEY (`id`),
  ADD UNIQUE KEY `auth_user_groups_user_id_group_id_94350c0c_uniq` (`user_id`,`group_id`),
  ADD KEY `auth_user_groups_group_id_97559544_fk_auth_group_id` (`group_id`);

--
-- Indices de la tabla `auth_user_user_permissions`
--
ALTER TABLE `auth_user_user_permissions`
  ADD PRIMARY KEY (`id`),
  ADD UNIQUE KEY `auth_user_user_permissions_user_id_permission_id_14a6b632_uniq` (`user_id`,`permission_id`),
  ADD KEY `auth_user_user_permi_permission_id_1fbb5f2c_fk_auth_perm` (`permission_id`);

--
-- Indices de la tabla `django_admin_log`
--
ALTER TABLE `django_admin_log`
  ADD PRIMARY KEY (`id`),
  ADD KEY `django_admin_log_content_type_id_c4bce8eb_fk_django_co` (`content_type_id`),
  ADD KEY `django_admin_log_user_id_c564eba6_fk_auth_user_id` (`user_id`);

--
-- Indices de la tabla `django_content_type`
--
ALTER TABLE `django_content_type`
  ADD PRIMARY KEY (`id`),
  ADD UNIQUE KEY `django_content_type_app_label_model_76bd3d3b_uniq` (`app_label`,`model`);

--
-- Indices de la tabla `django_migrations`
--
ALTER TABLE `django_migrations`
  ADD PRIMARY KEY (`id`);

--
-- Indices de la tabla `django_session`
--
ALTER TABLE `django_session`
  ADD PRIMARY KEY (`session_key`),
  ADD KEY `django_session_expire_date_a5c62663` (`expire_date`);

--
-- Indices de la tabla `messenger_message`
--
ALTER TABLE `messenger_message`
  ADD PRIMARY KEY (`id`),
  ADD KEY `messenger_message_user_id_44204cf3_fk_auth_user_id` (`user_id`);

--
-- Indices de la tabla `messenger_thread`
--
ALTER TABLE `messenger_thread`
  ADD PRIMARY KEY (`id`);

--
-- Indices de la tabla `messenger_thread_messages`
--
ALTER TABLE `messenger_thread_messages`
  ADD PRIMARY KEY (`id`),
  ADD UNIQUE KEY `messenger_thread_messages_thread_id_message_id_bb58b3ca_uniq` (`thread_id`,`message_id`),
  ADD KEY `messenger_thread_mes_message_id_e4d4b7af_fk_messenger` (`message_id`);

--
-- Indices de la tabla `messenger_thread_users`
--
ALTER TABLE `messenger_thread_users`
  ADD PRIMARY KEY (`id`),
  ADD UNIQUE KEY `messenger_thread_users_thread_id_user_id_d8023aff_uniq` (`thread_id`,`user_id`),
  ADD KEY `messenger_thread_users_user_id_008b18f6_fk_auth_user_id` (`user_id`);

--
-- Indices de la tabla `pages_page`
--
ALTER TABLE `pages_page`
  ADD PRIMARY KEY (`id`);

--
-- Indices de la tabla `registration_profile`
--
ALTER TABLE `registration_profile`
  ADD PRIMARY KEY (`id`),
  ADD UNIQUE KEY `user_id` (`user_id`);

--
-- AUTO_INCREMENT de las tablas volcadas
--

--
-- AUTO_INCREMENT de la tabla `auth_group`
--
ALTER TABLE `auth_group`
  MODIFY `id` int(11) NOT NULL AUTO_INCREMENT;

--
-- AUTO_INCREMENT de la tabla `auth_group_permissions`
--
ALTER TABLE `auth_group_permissions`
  MODIFY `id` int(11) NOT NULL AUTO_INCREMENT;

--
-- AUTO_INCREMENT de la tabla `auth_permission`
--
ALTER TABLE `auth_permission`
  MODIFY `id` int(11) NOT NULL AUTO_INCREMENT, AUTO_INCREMENT=41;

--
-- AUTO_INCREMENT de la tabla `auth_user`
--
ALTER TABLE `auth_user`
  MODIFY `id` int(11) NOT NULL AUTO_INCREMENT, AUTO_INCREMENT=10;

--
-- AUTO_INCREMENT de la tabla `auth_user_groups`
--
ALTER TABLE `auth_user_groups`
  MODIFY `id` int(11) NOT NULL AUTO_INCREMENT;

--
-- AUTO_INCREMENT de la tabla `auth_user_user_permissions`
--
ALTER TABLE `auth_user_user_permissions`
  MODIFY `id` int(11) NOT NULL AUTO_INCREMENT;

--
-- AUTO_INCREMENT de la tabla `django_admin_log`
--
ALTER TABLE `django_admin_log`
  MODIFY `id` int(11) NOT NULL AUTO_INCREMENT, AUTO_INCREMENT=8;

--
-- AUTO_INCREMENT de la tabla `django_content_type`
--
ALTER TABLE `django_content_type`
  MODIFY `id` int(11) NOT NULL AUTO_INCREMENT, AUTO_INCREMENT=11;

--
-- AUTO_INCREMENT de la tabla `django_migrations`
--
ALTER TABLE `django_migrations`
  MODIFY `id` int(11) NOT NULL AUTO_INCREMENT, AUTO_INCREMENT=20;

--
-- AUTO_INCREMENT de la tabla `messenger_message`
--
ALTER TABLE `messenger_message`
  MODIFY `id` int(11) NOT NULL AUTO_INCREMENT, AUTO_INCREMENT=19;

--
-- AUTO_INCREMENT de la tabla `messenger_thread`
--
ALTER TABLE `messenger_thread`
  MODIFY `id` int(11) NOT NULL AUTO_INCREMENT, AUTO_INCREMENT=4;

--
-- AUTO_INCREMENT de la tabla `messenger_thread_messages`
--
ALTER TABLE `messenger_thread_messages`
  MODIFY `id` int(11) NOT NULL AUTO_INCREMENT, AUTO_INCREMENT=19;

--
-- AUTO_INCREMENT de la tabla `messenger_thread_users`
--
ALTER TABLE `messenger_thread_users`
  MODIFY `id` int(11) NOT NULL AUTO_INCREMENT, AUTO_INCREMENT=7;

--
-- AUTO_INCREMENT de la tabla `pages_page`
--
ALTER TABLE `pages_page`
  MODIFY `id` int(11) NOT NULL AUTO_INCREMENT, AUTO_INCREMENT=3;

--
-- AUTO_INCREMENT de la tabla `registration_profile`
--
ALTER TABLE `registration_profile`
  MODIFY `id` int(11) NOT NULL AUTO_INCREMENT, AUTO_INCREMENT=6;

--
-- Restricciones para tablas volcadas
--

--
-- Filtros para la tabla `auth_group_permissions`
--
ALTER TABLE `auth_group_permissions`
  ADD CONSTRAINT `auth_group_permissio_permission_id_84c5c92e_fk_auth_perm` FOREIGN KEY (`permission_id`) REFERENCES `auth_permission` (`id`),
  ADD CONSTRAINT `auth_group_permissions_group_id_b120cbf9_fk_auth_group_id` FOREIGN KEY (`group_id`) REFERENCES `auth_group` (`id`);

--
-- Filtros para la tabla `auth_permission`
--
ALTER TABLE `auth_permission`
  ADD CONSTRAINT `auth_permission_content_type_id_2f476e4b_fk_django_co` FOREIGN KEY (`content_type_id`) REFERENCES `django_content_type` (`id`);

--
-- Filtros para la tabla `auth_user_groups`
--
ALTER TABLE `auth_user_groups`
  ADD CONSTRAINT `auth_user_groups_group_id_97559544_fk_auth_group_id` FOREIGN KEY (`group_id`) REFERENCES `auth_group` (`id`),
  ADD CONSTRAINT `auth_user_groups_user_id_6a12ed8b_fk_auth_user_id` FOREIGN KEY (`user_id`) REFERENCES `auth_user` (`id`);

--
-- Filtros para la tabla `auth_user_user_permissions`
--
ALTER TABLE `auth_user_user_permissions`
  ADD CONSTRAINT `auth_user_user_permi_permission_id_1fbb5f2c_fk_auth_perm` FOREIGN KEY (`permission_id`) REFERENCES `auth_permission` (`id`),
  ADD CONSTRAINT `auth_user_user_permissions_user_id_a95ead1b_fk_auth_user_id` FOREIGN KEY (`user_id`) REFERENCES `auth_user` (`id`);

--
-- Filtros para la tabla `django_admin_log`
--
ALTER TABLE `django_admin_log`
  ADD CONSTRAINT `django_admin_log_content_type_id_c4bce8eb_fk_django_co` FOREIGN KEY (`content_type_id`) REFERENCES `django_content_type` (`id`),
  ADD CONSTRAINT `django_admin_log_user_id_c564eba6_fk_auth_user_id` FOREIGN KEY (`user_id`) REFERENCES `auth_user` (`id`);

--
-- Filtros para la tabla `messenger_message`
--
ALTER TABLE `messenger_message`
  ADD CONSTRAINT `messenger_message_user_id_44204cf3_fk_auth_user_id` FOREIGN KEY (`user_id`) REFERENCES `auth_user` (`id`);

--
-- Filtros para la tabla `messenger_thread_messages`
--
ALTER TABLE `messenger_thread_messages`
  ADD CONSTRAINT `messenger_thread_mes_message_id_e4d4b7af_fk_messenger` FOREIGN KEY (`message_id`) REFERENCES `messenger_message` (`id`),
  ADD CONSTRAINT `messenger_thread_mes_thread_id_a70e3887_fk_messenger` FOREIGN KEY (`thread_id`) REFERENCES `messenger_thread` (`id`);

--
-- Filtros para la tabla `messenger_thread_users`
--
ALTER TABLE `messenger_thread_users`
  ADD CONSTRAINT `messenger_thread_users_thread_id_8c4fd4f2_fk_messenger_thread_id` FOREIGN KEY (`thread_id`) REFERENCES `messenger_thread` (`id`),
  ADD CONSTRAINT `messenger_thread_users_user_id_008b18f6_fk_auth_user_id` FOREIGN KEY (`user_id`) REFERENCES `auth_user` (`id`);

--
-- Filtros para la tabla `registration_profile`
--
ALTER TABLE `registration_profile`
  ADD CONSTRAINT `registration_profile_user_id_e133ce43_fk_auth_user_id` FOREIGN KEY (`user_id`) REFERENCES `auth_user` (`id`);
--
-- Base de datos: `test`
--
CREATE DATABASE IF NOT EXISTS `test` DEFAULT CHARACTER SET latin1 COLLATE latin1_swedish_ci;
USE `test`;
COMMIT;

/*!40101 SET CHARACTER_SET_CLIENT=@OLD_CHARACTER_SET_CLIENT */;
/*!40101 SET CHARACTER_SET_RESULTS=@OLD_CHARACTER_SET_RESULTS */;
/*!40101 SET COLLATION_CONNECTION=@OLD_COLLATION_CONNECTION */;
